<?xml version="1.0" encoding="utf-8"?>
<eml:eml xmlns:eml="eml://ecoinformatics.org/eml-2.1.1" xmlns:xsi="http://www.w3.org/2001/XMLSchema-instance"
         xsi:schemaLocation="eml://ecoinformatics.org/eml-2.1.1 http://rs.gbif.org/schema/eml-gbif-profile/1.1/eml.xsd"
        packageId="10.15468/dl.c44mty"  system="http://gbif.org" scope="system"
  xml:lang="en">

<dataset>
        <alternateIdentifier>0002111-170714134226665</alternateIdentifier>
    <title>GBIF Occurrence Download 10.15468/dl.c44mty</title>
    <creator>
    <individualName>
        <surName>GBIF Download Service</surName>
    </individualName>
<electronicMailAddress>support@gbif.org</electronicMailAddress>    </creator>
    <metadataProvider>
    <individualName>
        <surName>GBIF Download Service</surName>
    </individualName>
<electronicMailAddress>support@gbif.org</electronicMailAddress>    </metadataProvider>
    <associatedParty>
    <individualName>
<givenName>Melanie</givenName>        <surName>Bucci</surName>
    </individualName>
<organizationName>University of Arizona Museum of Natural History</organizationName><positionName>Collection Manager</positionName>    <address>
<deliveryPoint>Rm. 310 Bioscience West, The University of Arizona</deliveryPoint><city>Tucson</city><administrativeArea>Arizona</administrativeArea><postalCode>85721</postalCode><country>UNITED_STATES</country>    </address>
<phone>520-621-7291</phone><electronicMailAddress>mebucci@email.arizona.edu</electronicMailAddress><onlineUrl>http://www.eebweb.arizona.edu/Collections/Mammal.htm</onlineUrl>    <role>CONTENT_PROVIDER</role>
    </associatedParty>
    <associatedParty>
    <individualName>
<givenName>Charles</givenName>        <surName>Dardia</surName>
    </individualName>
<organizationName>Cornell University Museum of Vertebrates</organizationName><positionName>Collection Manager</positionName>    <address>
<deliveryPoint>159 Sapsucker Woods Road</deliveryPoint><city>Ithaca</city><administrativeArea>NY</administrativeArea><postalCode>14850-1923</postalCode><country>UNITED_STATES</country>    </address>
<phone>+1 607-254-2161</phone><electronicMailAddress>cmd7@cornell.edu</electronicMailAddress><onlineUrl>http://www.cumv.cornell.edu</onlineUrl>    <role>CONTENT_PROVIDER</role>
    </associatedParty>
    <associatedParty>
    <individualName>
<givenName>Christy</givenName>        <surName>McCain</surName>
    </individualName>
<organizationName>University of Colorado Museum of Natural History</organizationName><positionName>Curator of Vertebrate Zoology</positionName>    <address>
<deliveryPoint>Henderson Building, 15th and Broadway</deliveryPoint><city>Boulder</city><administrativeArea>CO</administrativeArea><postalCode>80309</postalCode><country>UNITED_STATES</country>    </address>
<phone>303-735-1016</phone><electronicMailAddress>christy.mccain@colorado.edu</electronicMailAddress><onlineUrl>http://cumuseum.colorado.edu/</onlineUrl>    <role>CONTENT_PROVIDER</role>
    </associatedParty>
    <associatedParty>
    <individualName>
<givenName>Matthew</givenName>        <surName>Carling</surName>
    </individualName>
<organizationName>University of Wyoming Museum of Vertebrates</organizationName><positionName>Curator</positionName>    <address>
<deliveryPoint>Berry Biodiversity Conservation Center</deliveryPoint><city>Laramie</city><administrativeArea>WY</administrativeArea><postalCode>82071</postalCode><country>UNITED_STATES</country>    </address>
<phone>(307) 766-6169</phone><electronicMailAddress>mcarling@uwyo.edu</electronicMailAddress><onlineUrl>http://www.uwyo.edu/carlinglab</onlineUrl>    <role>CONTENT_PROVIDER</role>
    </associatedParty>
    <associatedParty>
    <individualName>
<givenName>Dawn</givenName>        <surName>Roberts</surName>
    </individualName>
<organizationName>The Chicago Academy of Sciences</organizationName><positionName>Director of Collections</positionName>    <address>
<deliveryPoint>2430 North Cannon Drive</deliveryPoint><city>Chicago</city><administrativeArea>IL</administrativeArea><postalCode>60614</postalCode><country>UNITED_STATES</country>    </address>
<phone>+01 773-755-5125</phone><electronicMailAddress>droberts@naturemuseum.org</electronicMailAddress><onlineUrl>http://www.naturemuseum.org</onlineUrl>    <role>CONTENT_PROVIDER</role>
    </associatedParty>
    <associatedParty>
    <individualName>
        <surName>University of Alberta Museums</surName>
    </individualName>
    <address>
<deliveryPoint>Ring House 1, Museums and Collections Services, University of Alberta</deliveryPoint><city>Edmonton</city><administrativeArea>Alberta</administrativeArea><postalCode>T6G 2E1</postalCode><country>CANADA</country>    </address>
<phone>780-492-5834</phone><electronicMailAddress>museums@ualberta.ca</electronicMailAddress><onlineUrl>http://www.museums.ualberta.ca/</onlineUrl>    <role>CONTENT_PROVIDER</role>
    </associatedParty>
    <associatedParty>
    <individualName>
<givenName>Curtis</givenName>        <surName>Schmidt</surName>
    </individualName>
<organizationName>Fort Hays State University, Sternberg Museum of Natural History</organizationName><positionName>Collections Manager</positionName>    <address>
<deliveryPoint>3000 Sternberg Drive</deliveryPoint><city>Hays</city><administrativeArea>KS</administrativeArea><postalCode>67601</postalCode><country>UNITED_STATES</country>    </address>
<phone>+01 785-650-2447</phone><electronicMailAddress>cjschmidt@fhsu.edu</electronicMailAddress><onlineUrl>http://sternberg.fhsu.edu/</onlineUrl>    <role>CONTENT_PROVIDER</role>
    </associatedParty>
    <associatedParty>
    <individualName>
<givenName>Sharon</givenName>        <surName>Grant</surName>
    </individualName>
<organizationName>Field Museum of Natural History</organizationName><positionName>Technology Liaison to Science</positionName>    <address>
<deliveryPoint>1400 S Lake Shore Drive</deliveryPoint><city>Chicago</city><administrativeArea>IL</administrativeArea><postalCode>60605</postalCode><country>UNITED_STATES</country>    </address>
<phone>3126657203</phone><electronicMailAddress>sgrant@fieldmuseum.org</electronicMailAddress><onlineUrl>http://www.fieldmuseum.org</onlineUrl>    <role>CONTENT_PROVIDER</role>
    </associatedParty>
    <associatedParty>
    <individualName>
<givenName>Robert</givenName>        <surName>Dowler</surName>
    </individualName>
<organizationName>Angelo State University</organizationName><positionName>Curator</positionName>    <address>
<deliveryPoint>ASU Station #10890</deliveryPoint><city>San Angelo</city><administrativeArea>Texas</administrativeArea><postalCode>76909-0890</postalCode><country>UNITED_STATES</country>    </address>
<phone>(325) 486-6639</phone><electronicMailAddress>robert.dowler@angelo.edu</electronicMailAddress>    <role>CONTENT_PROVIDER</role>
    </associatedParty>
    <associatedParty>
    <individualName>
<givenName>Heath</givenName>        <surName>Garner</surName>
    </individualName>
<organizationName>Natural Science Research Laboratory, Museum of TTU</organizationName><positionName>Curator of Collections</positionName>    <address>
<deliveryPoint>3301 4th Street, PO Box 43191</deliveryPoint><city>Lubbock</city><administrativeArea>TX</administrativeArea><postalCode>79409</postalCode><country>UNITED_STATES</country>    </address>
<phone>+01 806-742-2486</phone><electronicMailAddress>heath.garner@ttu.edu</electronicMailAddress><onlineUrl>http://www.nsrl.ttu.edu</onlineUrl>    <role>CONTENT_PROVIDER</role>
    </associatedParty>
    <associatedParty>
    <individualName>
<givenName>Maureen</givenName>        <surName>Flannery</surName>
    </individualName>
<organizationName>California Academy of Sciences</organizationName><positionName>Collections Manager, Ornithology &amp; Mammalogy</positionName>    <address>
<deliveryPoint>55 Music Concourse Dr.</deliveryPoint><city>San Francisco</city><administrativeArea>CA</administrativeArea><postalCode>94118</postalCode><country>UNITED_STATES</country>    </address>
<phone>+1 (415) 379-5371</phone><electronicMailAddress>mflannery@calacademy.org</electronicMailAddress><onlineUrl>https://www.calacademy.org/staff/ibss/ornithology-and-mammalogy/maureen-moe-flannery</onlineUrl>    <role>CONTENT_PROVIDER</role>
    </associatedParty>
    <associatedParty>
<organizationName>OZCAM (Online Zoological Collections of Australian Museums) Provider</organizationName><onlineUrl>http://www.ozcam.org.au/</onlineUrl>    <role>CONTENT_PROVIDER</role>
    </associatedParty>
    <associatedParty>
    <individualName>
<givenName>Cindy</givenName>        <surName>Opitz</surName>
    </individualName>
<organizationName>University of Iowa Museum of Natural History</organizationName><positionName>Collections Manager</positionName>    <address>
<deliveryPoint>11 Macbride Hall</deliveryPoint><city>Iowa City</city><administrativeArea>IA</administrativeArea><postalCode>52242</postalCode><country>UNITED_STATES</country>    </address>
<phone>+01 319-335-0481</phone><electronicMailAddress>cindy-opitz@uiowa.edu</electronicMailAddress><onlineUrl>http://mnh.uiowa.edu</onlineUrl>    <role>CONTENT_PROVIDER</role>
    </associatedParty>
    <associatedParty>
    <individualName>
<givenName>Kelly</givenName>        <surName>Cassidy</surName>
    </individualName>
<organizationName>Charles R. Conner Museum</organizationName><positionName>Curator</positionName>    <address>
<deliveryPoint>School of Biological Sciences, Washington State University, PO Box 644236</deliveryPoint><city>Pullman</city><administrativeArea>WA</administrativeArea><postalCode>99164-4236</postalCode><country>UNITED_STATES</country>    </address>
<phone>+01 509-335-3515</phone><electronicMailAddress>connermuseum@wsu.edu</electronicMailAddress><onlineUrl>http://sbs.wsu.edu/connermuseum</onlineUrl>    <role>CONTENT_PROVIDER</role>
    </associatedParty>
    <associatedParty>
    <individualName>
<givenName>Ildiko</givenName>        <surName>Szabo</surName>
    </individualName>
<organizationName>University of British Columbia Beaty Biodiversity Museum</organizationName><positionName>Assistant Curator</positionName>    <address>
<deliveryPoint>2212 Main Mall</deliveryPoint><city>Vancouver</city><administrativeArea>BC</administrativeArea><postalCode>V6T 1Z4</postalCode><country>CANADA</country>    </address>
<electronicMailAddress>ildiko@zoology.ubc.ca</electronicMailAddress><onlineUrl>http://beatymuseum.ubc.ca/collections/vertebrate</onlineUrl>    <role>CONTENT_PROVIDER</role>
    </associatedParty>
    <associatedParty>
    <individualName>
<givenName>Jeroen</givenName>        <surName>Creuwels</surName>
    </individualName>
<organizationName>Naturalis Biodiversity Center</organizationName><positionName>Data manager</positionName>    <address>
<deliveryPoint>PO Box 9517</deliveryPoint><city>Leiden</city><administrativeArea>Zuid Holland</administrativeArea><postalCode>NL-2300 RA</postalCode><country>NETHERLANDS</country>    </address>
<phone>+31.71.7519600</phone><electronicMailAddress>informatiemanagement@naturalis.nl</electronicMailAddress><onlineUrl>http://science.naturalis.nl</onlineUrl>    <role>CONTENT_PROVIDER</role>
    </associatedParty>
    <associatedParty>
    <individualName>
<givenName>Laura</givenName>        <surName>Abraczinskas</surName>
    </individualName>
<organizationName>Michigan State University Museum</organizationName><positionName>Collections Manager</positionName>    <address>
<deliveryPoint>409 West Circle Drive</deliveryPoint><city>East Lansing</city><administrativeArea>MI</administrativeArea><postalCode>48824</postalCode><country>UNITED_STATES</country>    </address>
<phone>+01 517-355-1290</phone><electronicMailAddress>abraczi1@msu.edu</electronicMailAddress><onlineUrl>http://museum.msu.edu/</onlineUrl>    <role>CONTENT_PROVIDER</role>
    </associatedParty>
    <associatedParty>
    <individualName>
<givenName>Heather</givenName>        <surName>Prestridge</surName>
    </individualName>
<organizationName>Texas A&amp;M University Biodiversity Research and Teaching Collections</organizationName><positionName>Curator</positionName>    <address>
<deliveryPoint>Department of Wildlife and Fisheries Sciences, TAMU 2258</deliveryPoint><city>College Station</city><administrativeArea>TX</administrativeArea><postalCode>77843</postalCode><country>UNITED_STATES</country>    </address>
<phone>+01 (979) 845-5783</phone><electronicMailAddress>hlprestridge@tamu.edu</electronicMailAddress><onlineUrl>http://brtc.tamu.edu</onlineUrl>    <role>CONTENT_PROVIDER</role>
    </associatedParty>
    <associatedParty>
    <individualName>
<givenName>John</givenName>        <surName>Reiss</surName>
    </individualName>
<organizationName>Humboldt State University, Department of Biological Sciences, Vertebrate Museum</organizationName><positionName>Curator</positionName>    <address>
<deliveryPoint>1 Harpst Street</deliveryPoint><city>Arcata</city><administrativeArea>CA</administrativeArea><postalCode>95521</postalCode><country>UNITED_STATES</country>    </address>
<phone>707-826-4156</phone><electronicMailAddress>john.reiss@humboldt.edu</electronicMailAddress><onlineUrl>http://www.humboldt.edu/vmuseum</onlineUrl>    <role>CONTENT_PROVIDER</role>
    </associatedParty>
    <associatedParty>
<organizationName>Natural History Museum</organizationName>    <address>
<city>Oslo</city><country>NORWAY</country>    </address>
    <role>CONTENT_PROVIDER</role>
    </associatedParty>
    <associatedParty>
    <individualName>
<givenName>Raymond</givenName>        <surName>Bogiatto</surName>
    </individualName>
<organizationName>California State University, Chico Vertebrate Museum</organizationName><positionName>Curator</positionName>    <address>
<deliveryPoint>Holt 237</deliveryPoint><city>Chico</city><administrativeArea>CA</administrativeArea><postalCode>95929-0515</postalCode><country>UNITED_STATES</country>    </address>
<phone>+1 (530) 898-5356</phone><electronicMailAddress>rbogiatto@csuchico.edu</electronicMailAddress><onlineUrl>http://www.csuchico.edu/biol/museums/vertebrate_museum/</onlineUrl>    <role>CONTENT_PROVIDER</role>
    </associatedParty>
    <associatedParty>
    <individualName>
<givenName>Chris</givenName>        <surName>Conroy</surName>
    </individualName>
<organizationName>Museum of Vertebrate Zoology, UC Berkeley</organizationName><positionName>Staff Curator of Mammals</positionName>    <address>
<deliveryPoint>3101 Valley Life Science Building</deliveryPoint><city>Berkeley</city><administrativeArea>CA</administrativeArea><postalCode>94720-3160</postalCode><country>UNITED_STATES</country>    </address>
<phone>(510) 643-7709</phone><electronicMailAddress>ondatra@berkeley.edu</electronicMailAddress><onlineUrl>http://mvz.berkeley.edu</onlineUrl>    <role>CONTENT_PROVIDER</role>
    </associatedParty>
    <associatedParty>
    <individualName>
<givenName>Bradley</givenName>        <surName>Millen</surName>
    </individualName>
<organizationName>Royal Ontario Museum</organizationName><positionName>Associate Curator</positionName>    <address>
<deliveryPoint>100 Queen&apos;s Park</deliveryPoint><city>Toronto</city><administrativeArea>Ontario</administrativeArea><postalCode>M5S 2C6</postalCode><country>CANADA</country>    </address>
<phone>1-416-586-5768</phone><electronicMailAddress>bradm@rom.on.ca</electronicMailAddress>    <role>CONTENT_PROVIDER</role>
    </associatedParty>
    <associatedParty>
    <individualName>
<givenName>Leslie</givenName>        <surName>Honey</surName>
    </individualName>
<organizationName>NatureServe</organizationName><positionName>Vice President of Conservation Services</positionName>    <address>
<deliveryPoint>4600 N. Fairfax Dr., 7th Floor</deliveryPoint><city>Arlington</city><administrativeArea>VA</administrativeArea><postalCode>22203</postalCode><country>UNITED_STATES</country>    </address>
<phone>001-703-908-1824</phone><electronicMailAddress>productsandservices@natureserve.org</electronicMailAddress><onlineUrl>http://www.natureserve.org/</onlineUrl>    <role>CONTENT_PROVIDER</role>
    </associatedParty>
    <associatedParty>
    <individualName>
<givenName>Link</givenName>        <surName>Olson</surName>
    </individualName>
<organizationName>University of Alaska Museum</organizationName><positionName>Curator of Mammals</positionName>    <address>
<deliveryPoint>907 Yukon Drive</deliveryPoint><city>Fairbanks</city><administrativeArea>AK</administrativeArea><postalCode>99775-6960</postalCode><country>UNITED_STATES</country>    </address>
<phone>(907) 474-5998</phone><electronicMailAddress>leolson@alaska.edu</electronicMailAddress><onlineUrl>http://linkolson.org/</onlineUrl>    <role>CONTENT_PROVIDER</role>
    </associatedParty>
    <associatedParty>
    <individualName>
<givenName>Bradley</givenName>        <surName>Millen</surName>
    </individualName>
<organizationName>Royal Ontario Museum</organizationName><positionName>Database Technician</positionName>    <address>
<deliveryPoint>100 Queen&apos;s Park</deliveryPoint><city>Toronto</city><administrativeArea>Ontario</administrativeArea><postalCode>M5S 2C6</postalCode><country>CANADA</country>    </address>
<phone>1-416-586-5768</phone><electronicMailAddress>bradm@rom.on.ca</electronicMailAddress>    <role>CONTENT_PROVIDER</role>
    </associatedParty>
    <associatedParty>
    <individualName>
<givenName>Meredith</givenName>        <surName>Mahoney</surName>
    </individualName>
<organizationName>Illinois State Museum</organizationName><positionName>Assistant Curator of Zoology</positionName>    <address>
<deliveryPoint>1011 E. Ash Street</deliveryPoint><city>Springfield</city><administrativeArea>Illinois</administrativeArea><postalCode>62703</postalCode><country>UNITED_STATES</country>    </address>
<phone>217-785-4843</phone><electronicMailAddress>mjmahoney@museum.state.il.us</electronicMailAddress><onlineUrl>http://www.museum.state.il.us</onlineUrl>    <role>CONTENT_PROVIDER</role>
    </associatedParty>
    <associatedParty>
    <individualName>
<givenName>Phil</givenName>        <surName>Unitt</surName>
    </individualName>
<positionName>Birds and Mammals Curator</positionName><phone>+01 619-255-0235</phone><electronicMailAddress>punitt@sdnhm.org</electronicMailAddress>    <role>CONTENT_PROVIDER</role>
    </associatedParty>
    <associatedParty>
    <individualName>
<givenName>Janet</givenName>        <surName>Braun</surName>
    </individualName>
<organizationName>Sam Noble Oklahoma Museum of Natural History</organizationName><positionName>Curator</positionName>    <address>
<deliveryPoint>2401 Chautauqua Ave.</deliveryPoint><city>Norman</city><administrativeArea>Oklahoma</administrativeArea><postalCode>73072</postalCode><country>UNITED_STATES</country>    </address>
<phone>405-325-0801</phone><electronicMailAddress>jkbraun@ou.edu</electronicMailAddress><onlineUrl>http://samnoblemuseum.ou.edu</onlineUrl>    <role>CONTENT_PROVIDER</role>
    </associatedParty>
    <associatedParty>
    <individualName>
<givenName>Thomas</givenName>        <surName>Orrell</surName>
    </individualName>
<organizationName>National Museum of Natural History, Smithsonian Institution</organizationName><positionName>Branch Chief, NMNH Informatics</positionName>    <address>
<deliveryPoint>P.O. Box 37012, MRC 136</deliveryPoint><city>Washington</city><administrativeArea>DC</administrativeArea><postalCode>20013-7012</postalCode><country>UNITED_STATES</country>    </address>
<phone>202-633-2151</phone><electronicMailAddress>orrellt@si.edu</electronicMailAddress><onlineUrl>http://collections.mnh.si.edu</onlineUrl>    <role>CONTENT_PROVIDER</role>
    </associatedParty>
    <associatedParty>
    <individualName>
<givenName>Edwin</givenName>        <surName>Scholes III, Ph.D.</surName>
    </individualName>
<organizationName>Macaulay Library</organizationName><positionName>Curator of Video</positionName>    <address>
<deliveryPoint>Cornell Lab of Ornithology - 159 Sapsucker Woods Road</deliveryPoint><city>Ithaca</city><administrativeArea>NY</administrativeArea><postalCode>14850</postalCode><country>UNITED_STATES</country>    </address>
<phone>+1 607-254-1115</phone><electronicMailAddress>edwin.scholes@cornell.edu</electronicMailAddress><onlineUrl>http://macaulaylibrary.org/</onlineUrl>    <role>CONTENT_PROVIDER</role>
    </associatedParty>
    <associatedParty>
    <individualName>
<givenName>Jeroen</givenName>        <surName>Creuwels</surName>
    </individualName>
<organizationName>Naturalis Biodiversity Center</organizationName><positionName>Data manager</positionName>    <address>
<deliveryPoint>PO Box 9517</deliveryPoint><city>Leiden</city><administrativeArea>Zuid Holland</administrativeArea><postalCode>NL-2300 RA</postalCode><country>NETHERLANDS</country>    </address>
<phone>+31.71.7519600</phone><electronicMailAddress>informatiemanagement@naturalis.nl</electronicMailAddress><onlineUrl>http://science.naturalis.nl</onlineUrl>    <role>CONTENT_PROVIDER</role>
    </associatedParty>
    <associatedParty>
    <individualName>
<givenName>Jeff</givenName>        <surName>Bradley</surName>
    </individualName>
<organizationName>University of Washington Burke Museum</organizationName><positionName>Collection Manager</positionName>    <address>
<deliveryPoint>Box 353010</deliveryPoint><city>Seattle</city><administrativeArea>WA</administrativeArea><postalCode>98195</postalCode><country>UNITED_STATES</country>    </address>
<phone>+1 206-685-7417</phone><electronicMailAddress>jebrad@uw.edu</electronicMailAddress><onlineUrl>http://www.burkemuseum.org/</onlineUrl>    <role>CONTENT_PROVIDER</role>
    </associatedParty>
    <associatedParty>
    <individualName>
<givenName>Kirsten E.</givenName>        <surName>Nicholson</surName>
    </individualName>
<organizationName>Museum of Cultural and Natural History</organizationName><positionName>Curator of Natural History</positionName>    <address>
<deliveryPoint>103 Rowe Hall, Central Michigan University</deliveryPoint><city>Mount Pleasant</city><administrativeArea>Michigan</administrativeArea><postalCode>48859</postalCode><country>UNITED_STATES</country>    </address>
<phone>+01 989-774-3176</phone><electronicMailAddress>kirsten.nicholson@cmich.edu</electronicMailAddress>    <role>CONTENT_PROVIDER</role>
    </associatedParty>
    <associatedParty>
    <individualName>
<givenName>Larry</givenName>        <surName>Gall</surName>
    </individualName>
<organizationName>Yale Peabody Museum</organizationName><positionName>Head, Computer Systems Office</positionName>    <address>
<deliveryPoint>170 Whitney Avenue</deliveryPoint><city>New Haven</city><administrativeArea>CT</administrativeArea><postalCode>06511</postalCode><country>UNITED_STATES</country>    </address>
<phone>203-432-9892</phone><electronicMailAddress>lawrence.gall@yale.edu</electronicMailAddress><onlineUrl>http://www.peabody.yale.edu</onlineUrl>    <role>CONTENT_PROVIDER</role>
    </associatedParty>
    <associatedParty>
    <individualName>
<givenName>Gary</givenName>        <surName>Shugart</surName>
    </individualName>
<organizationName>Slater Museum of Natural History, University of Puget Sound</organizationName><positionName>Collections Manager</positionName>    <address>
<deliveryPoint>1500 N. Warner</deliveryPoint><city>Tacoma</city><administrativeArea>WA</administrativeArea><postalCode>98416</postalCode><country>UNITED_STATES</country>    </address>
<phone>+01 253-879-3356</phone><electronicMailAddress>gshugart@pugetsound.edu</electronicMailAddress><onlineUrl>http://www.pugetsound.edu/academics/academic-resources/slater-museum</onlineUrl>    <role>CONTENT_PROVIDER</role>
    </associatedParty>
    <associatedParty>
    <individualName>
<givenName>Joseph</givenName>        <surName>Cook</surName>
    </individualName>
<organizationName>Museum of Southwestern Biology</organizationName><positionName>Curator of Mammals</positionName>    <address>
<deliveryPoint>University of New Mexico</deliveryPoint><city>Albuquerque</city><administrativeArea>NM</administrativeArea><postalCode>87131-0001</postalCode><country>UNITED_STATES</country>    </address>
<phone>(505) 277-1358</phone><electronicMailAddress>cookjose@unm.edu</electronicMailAddress><onlineUrl>http://www.msb.unm.edu/mammals/Cook/</onlineUrl>    <role>CONTENT_PROVIDER</role>
    </associatedParty>
    <associatedParty>
    <individualName>
<givenName>Tamar</givenName>        <surName>Danufsky</surName>
    </individualName>
<organizationName>Humboldt State University, Wildlife Department</organizationName><positionName>Museum Curator</positionName>    <address>
<deliveryPoint>1 Harpst Street</deliveryPoint><city>Arcata</city><administrativeArea>CA</administrativeArea><postalCode>95521</postalCode><country>UNITED_STATES</country>    </address>
<phone>707-826-4034</phone><electronicMailAddress>tamar.danufsky@humboldt.edu</electronicMailAddress><onlineUrl>http://www.humboldt.edu/wildmuseum</onlineUrl>    <role>CONTENT_PROVIDER</role>
    </associatedParty>
    <associatedParty>
    <individualName>
<givenName>Norm</givenName>        <surName>Slade</surName>
    </individualName>
<organizationName>KU Biodiversity Institute</organizationName><positionName>Curator Emeritus of Mammalogy</positionName>    <address>
<deliveryPoint>1345 Jayhawk Blvd</deliveryPoint><city>Lawrence</city><administrativeArea>KS</administrativeArea><postalCode>66045</postalCode><country>UNITED_STATES</country>    </address>
<phone>+01 785-864-3673</phone><electronicMailAddress>slade@ku.edu</electronicMailAddress><onlineUrl>http://mammalogy.biodiversity.ku.edu/</onlineUrl>    <role>CONTENT_PROVIDER</role>
    </associatedParty>
    <associatedParty>
    <individualName>
        <surName>MNHN</surName>
    </individualName>
<organizationName>MNHN</organizationName><positionName>Provider</positionName>    <role>CONTENT_PROVIDER</role>
    </associatedParty>
    <associatedParty>
    <individualName>
<givenName>Kathy</givenName>        <surName>Molina</surName>
    </individualName>
<organizationName>University of California, Los Angeles</organizationName><positionName>Collection Manager</positionName>    <address>
<deliveryPoint>Department of Ecology &amp; Evolutionary Biology, Hershey Hall, 612 Charles Young Dr. East</deliveryPoint><city>Los Angeles</city><administrativeArea>CA</administrativeArea><postalCode>90095</postalCode><country>UNITED_STATES</country>    </address>
<phone>+01 310-825-1282</phone><electronicMailAddress>kmolina@obee.ucla.edu</electronicMailAddress><onlineUrl>http://www.eeb.ucla.edu/dickey/</onlineUrl>    <role>CONTENT_PROVIDER</role>
    </associatedParty>
    <associatedParty>
    <individualName>
<givenName>Cody</givenName>        <surName>Thompson</surName>
    </individualName>
<organizationName>University of Michigan Museum of Zoology</organizationName><positionName>Mammal Collection Manager &amp; Assistant Research Scientist</positionName>    <address>
<deliveryPoint>1109 Geddes Avenue</deliveryPoint><city>Ann Arbor</city><administrativeArea>Michigan</administrativeArea><postalCode>48109</postalCode><country>UNITED_STATES</country>    </address>
<phone>(734) 615-2810</phone><electronicMailAddress>cwthomp@umich.edu</electronicMailAddress><onlineUrl>http://www.lsa.umich.edu/ummz/mammals</onlineUrl>    <role>CONTENT_PROVIDER</role>
    </associatedParty>
    <associatedParty>
    <individualName>
<givenName>Rick</givenName>        <surName>Feeney</surName>
    </individualName>
<organizationName>Natural History Museum of Los Angeles County</organizationName><positionName>Fishes Collection Manager</positionName>    <address>
<deliveryPoint>900 Exposition Blvd.</deliveryPoint><city>Los Angeles</city><administrativeArea>CA</administrativeArea><postalCode>90007</postalCode><country>UNITED_STATES</country>    </address>
<phone>+01 213 763 3374</phone><electronicMailAddress>rfeeney@nhm.org</electronicMailAddress><onlineUrl>http://www.nhm.org/</onlineUrl>    <role>CONTENT_PROVIDER</role>
    </associatedParty>
    <associatedParty>
<organizationName>European Bioinformatics Institute (EMBL-EBI)</organizationName><electronicMailAddress>datasubs@ebi.ac.uk</electronicMailAddress><onlineUrl>http://www.ebi.ac.uk</onlineUrl>    <role>CONTENT_PROVIDER</role>
    </associatedParty>
    <associatedParty>
    <individualName>
<givenName>Gretchen</givenName>        <surName>Knapp</surName>
    </individualName>
<organizationName>John Wesley Powell-Dale Birkenholz Natural History Collections</organizationName><positionName>Collections Manager</positionName>    <address>
<deliveryPoint>411 SLB (Science Lab Building)</deliveryPoint><city>Normal</city><administrativeArea>IL</administrativeArea><postalCode>61790-4120</postalCode><country>UNITED_STATES</country>    </address>
<phone>+01 309-438-5556</phone><electronicMailAddress>geknapp@ilstu.edu</electronicMailAddress><onlineUrl>http://bio.illinoisstate.edu/facilities/naturalhistory/index.shtml</onlineUrl>    <role>CONTENT_PROVIDER</role>
    </associatedParty>
    <associatedParty>
    <individualName>
<givenName>Jake</givenName>        <surName>Esselstyn</surName>
    </individualName>
<organizationName>Louisiana State University Museum of Natural Science</organizationName><positionName>Curator</positionName>    <address>
<deliveryPoint>119 Foster Hall</deliveryPoint><city>Baton Rouge</city><administrativeArea>LA</administrativeArea><postalCode>70803</postalCode><country>UNITED_STATES</country>    </address>
<phone>+01 225-578-3083</phone><electronicMailAddress>esselstyn@lsu.edu</electronicMailAddress><onlineUrl>http://appl003.lsu.edu/natsci/lmns.nsf/index</onlineUrl>    <role>CONTENT_PROVIDER</role>
    </associatedParty>
    <associatedParty>
    <individualName>
<givenName>Krista</givenName>        <surName>Fahy</surName>
    </individualName>
<organizationName>Santa Barbara Museum of Natural History</organizationName><positionName>Associate Curator</positionName>    <address>
<deliveryPoint>2559 Puesta del Sol</deliveryPoint><city>Santa Barbara</city><administrativeArea>CA</administrativeArea><postalCode>93105</postalCode>    </address>
<phone>+01 805-682-4711 (155)</phone><electronicMailAddress>kfahy@sbnature2.org</electronicMailAddress><onlineUrl>http://www.sbnature.org/</onlineUrl>    <role>CONTENT_PROVIDER</role>
    </associatedParty>
    <associatedParty>
    <individualName>
<givenName>Ken-ichi</givenName>        <surName>Ueda</surName>
    </individualName>
<organizationName>iNaturalist / California Academy of Sciences</organizationName><positionName>Co-director, iNaturalist</positionName>    <address>
<deliveryPoint>55 Music Concourse Dr., Golden Gate Park</deliveryPoint><city>San Francsico</city><administrativeArea>CA</administrativeArea><postalCode>94118</postalCode><country>UNITED_STATES</country>    </address>
<electronicMailAddress>kueda@inaturalist.org</electronicMailAddress><onlineUrl>http://www.inaturalist.org/people/kueda</onlineUrl>    <role>CONTENT_PROVIDER</role>
    </associatedParty>
    <associatedParty>
    <individualName>
<givenName>Randy</givenName>        <surName>Jennings</surName>
    </individualName>
<organizationName>Western New Mexico University</organizationName><positionName>Professor</positionName>    <address>
<deliveryPoint>Department of Natural Sciences</deliveryPoint><city>Silver City</city><administrativeArea>NM</administrativeArea><postalCode>88061</postalCode><country>UNITED_STATES</country>    </address>
<phone>(575) 538-6519</phone><electronicMailAddress>jenningsr@wnmu.edu</electronicMailAddress><onlineUrl>http://www.wnmu.edu/academic/nspages/faculty/jenningsr.shtml#res</onlineUrl>    <role>CONTENT_PROVIDER</role>
    </associatedParty>
    <associatedParty>
    <individualName>
<givenName>Tom</givenName>        <surName>Trombone</surName>
    </individualName>
<organizationName>American Museum of Natural History</organizationName><positionName>Data Manager</positionName>    <address>
<deliveryPoint>Central Park West at 79th Street</deliveryPoint><city>New York</city><administrativeArea>NY</administrativeArea><postalCode>10024</postalCode><country>UNITED_STATES</country>    </address>
<phone>+01 212-313-7783</phone><electronicMailAddress>trombone@amnh.org</electronicMailAddress><onlineUrl>http://www.amnh.org/</onlineUrl>    <role>CONTENT_PROVIDER</role>
    </associatedParty>
      <pubDate>
      2017-07-18
      </pubDate>
    <language>ENGLISH</language>
    <abstract>
        <para>A dataset containing all occurrences available in GBIF matching the query:
TaxonKey: Urocitellus columbianus (Ord, 1815)
The dataset includes records from the following constituent datasets. The full metadata for each constituent is also included in this archive:
1 records from CHAS Mammalogy Collection (Arctos)
1 records from Queensland Museum provider for OZCAM
1 records from Naturalis Biodiversity Center (NL) - Museum collection digitized at storage unit level
1 records from Mammal collection, Natural History Museum, University of Oslo
1 records from CSUC Vertebrate Collection
1 records from Palaeobiology - Vertebrate Comparative Osteology Collection - Royal Ontario Museum
1 records from HSU Wildlife Mammals
1 records from The mammals collection (ZM) of the Muséum national d&apos;Histoire naturelle (MNHN - Paris)
1 records from ISU Mammals
1 records from LSUMZ Mammals Collection
1 records from SBMNH Vertebrate Zoology
2 records from UWYMV Mammal Collection (Arctos)
2 records from Mammals Specimens
2 records from Collection Mammalia SMF
2 records from Mammal Collection
3 records from Angelo State Natural History Collections (ASNHC) - Mammalogy Collection
3 records from SUI Vertebrate Collection
3 records from HSU Vertebrate Museum Mammals Collection
3 records from Naturalis Biodiversity Center (NL) - Mammalia
3 records from CNMA/Colección Nacional de mamíferos
3 records from MCNH Museum of Cultural and Natural History Mammals Collection
3 records from WNMU Mammal Collection (Arctos)
5 records from CUMV Mammal Collection (Arctos)
5 records from UCM Mammal Collection (Arctos)
5 records from LACM Vertebrate Collection
5 records from Geographically tagged INSDC sequences
7 records from FHSM Mammals Collection
7 records from Mammal specimens
8 records from UAM Mammal Collection (Arctos)
9 records from UAZ Mammals
10 records from UCLA Donald R. Dickey Bird and Mammal Collection
11 records from naturgucker
11 records from ISM Mammalogy Collection
13 records from MSU Mammalogy, Ornithology and Vertebrate Paleontology Collections
19 records from Macaulay Library Audio and Video Collection
24 records from TTU Mammals Collection
32 records from Field Museum of Natural History (Zoology) Mammal Collection
35 records from Vertebrate Zoology Division - Mammalogy, Yale Peabody Museum
42 records from Mammalogy Collection - Royal Ontario Museum
47 records from MSB Mammal Collection (Arctos)
48 records from Biodiversity Research and Teaching Collections - TCWC Vertebrates
53 records from PSM Vertebrates Collection
60 records from CAS Mammalogy (MAM)
68 records from Cowan Tetrapod Collection - Mammals
69 records from MVZ Mammal Collection (Arctos)
80 records from iNaturalist Research-grade Observations
122 records from UWBM Mammalogy Collection
158 records from AMNH Mammal Collections
163 records from NatureServe Network Species Occurrence Data
189 records from University of Alberta Museum of Zoology Mammalogy Collection (UAMZ)
265 records from NMNH Extant Specimen Records
340 records from KUBI Mammalogy Collection
541 records from CRCM Vertebrate Collection
551 records from UMMZ Mammal Collection
</para>
    </abstract>
      <contact>
    <individualName>
        <surName>GBIF Download Service</surName>
    </individualName>
<electronicMailAddress>support@gbif.org</electronicMailAddress>      </contact>

</dataset>

<additionalMetadata>
    <metadata>
      <gbif>
        <dateStamp>2017-07-18T20:44:02Z</dateStamp>
      <citation identifier="10.15468/dl.c44mty">GBIF Occurrence Download 10.15468/dl.c44mty</citation>
              <physical>
                  <objectName></objectName>
                  <characterEncoding>UTF-8</characterEncoding>
                  <dataFormat>
                      <externallyDefinedFormat>
                          <formatName>Darwin Core Archive</formatName>
                      </externallyDefinedFormat>
                  </dataFormat>
                  <distribution>
                      <online>
                          <url function="download">http://api.gbif.org/v1/occurrence/download/request/0002111-170714134226665.zip</url>
                      </online>
                  </distribution>
              </physical>
        </gbif>
    </metadata>
</additionalMetadata>

</eml:eml>
