<?xml version="1.0" encoding="utf-8"?>
<eml:eml xmlns:eml="eml://ecoinformatics.org/eml-2.1.1" xmlns:xsi="http://www.w3.org/2001/XMLSchema-instance"
         xsi:schemaLocation="eml://ecoinformatics.org/eml-2.1.1 http://rs.gbif.org/schema/eml-gbif-profile/1.1/eml.xsd"
        packageId="3959ee49-7678-4a88-9049-5dfc55ccebf3"  system="http://gbif.org" scope="system"
  xml:lang="en">

<dataset>
      <alternateIdentifier>doi:10.15468/j0xw9i</alternateIdentifier>
        <alternateIdentifier>http://collections.mnhn.fr/ipt/resource?r=mnhn-zm</alternateIdentifier>
        <alternateIdentifier>http://collections.mnhn.fr/ipt/resource.do?r=mnhn-zm</alternateIdentifier>
        <alternateIdentifier>3959ee49-7678-4a88-9049-5dfc55ccebf3</alternateIdentifier>
    <title>The mammals collection (ZM) of the Muséum national d&apos;Histoire naturelle (MNHN - Paris)</title>
    <creator>
    <individualName>
        <surName>MNHN</surName>
    </individualName>
<organizationName>MNHN</organizationName><positionName>Provider</positionName>    </creator>
    <metadataProvider>
    <individualName>
<givenName>Simon</givenName>        <surName>Chagnoux</surName>
    </individualName>
<organizationName>MNHN</organizationName><electronicMailAddress>gbifprovider@mnhn.fr</electronicMailAddress>    </metadataProvider>
    <associatedParty>
    <individualName>
<givenName>Cécile</givenName>        <surName>Callou</surName>
    </individualName>
    <role>CONTENT_PROVIDER</role>
    </associatedParty>
    <associatedParty>
    <individualName>
<givenName>Jacques</givenName>        <surName>Cuisin</surName>
    </individualName>
    <role>CONTENT_PROVIDER</role>
    </associatedParty>
    <associatedParty>
    <individualName>
<givenName>Chistiane</givenName>        <surName>Denys</surName>
    </individualName>
    <role>CONTENT_PROVIDER</role>
    </associatedParty>
    <associatedParty>
    <individualName>
<givenName>Marc</givenName>        <surName>Herbin</surName>
    </individualName>
    <role>CONTENT_PROVIDER</role>
    </associatedParty>
    <associatedParty>
    <individualName>
<givenName>Christine</givenName>        <surName>Lefèvre</surName>
    </individualName>
    <role>CONTENT_PROVIDER</role>
    </associatedParty>
    <associatedParty>
    <individualName>
<givenName>Joséphine</givenName>        <surName>Lesur</surName>
    </individualName>
    <role>CONTENT_PROVIDER</role>
    </associatedParty>
    <associatedParty>
    <individualName>
<givenName>Violaine</givenName>        <surName>Nicolas</surName>
    </individualName>
    <role>CONTENT_PROVIDER</role>
    </associatedParty>
    <associatedParty>
    <individualName>
<givenName>Jean-Marc</givenName>        <surName>Pons</surName>
    </individualName>
    <role>CONTENT_PROVIDER</role>
    </associatedParty>
    <associatedParty>
    <individualName>
<givenName>Géraldine</givenName>        <surName>Véron</surName>
    </individualName>
    <role>CONTENT_PROVIDER</role>
    </associatedParty>
      <pubDate>
      2017-07-13
      </pubDate>
    <language>FRENCH</language>
    <abstract>
        <para>The collection of mammals of the Muséum national d’Histoire naturelle (MNHN) started during the XVIIIth century. The collection grows regularly with specimens collected during scientific expeditions and animals from zoological parks (Zoo de Vincennes, Ménagerie du Jardin des Plantes, Parc de la Haute-Touche) or care centers.
The collection is constituted by skeletons (mounted or not), skins (mounted or not), casts, specimens or organs in fluid (alcohol or formalin), and tissues.
The database ZAC (acronym for “Zoology, Comparative anatomy”) exists since 2010. It is the result of the merger of MAMMALIA (former collection of “Zoologie, Mammifères et Oiseaux”) and ANATOMIC (former collection of “Anatomie comparée”). For many groups, computerization is at a preliminary stage, and most entries have not yet been checked for errors or verified against the collections.
More detailed information can be obtained by writing to the curators and collection managers.
The database will help you prepare loan requests or visits to the collection. For any request contact: http://colhelper.mnhn.fr/</para>
    </abstract>
        <keywordSet>
              <keyword>Occurrence</keyword>
              <keywordThesaurus>GBIF Dataset Type Vocabulary: http://rs.gbif.org/vocabulary/gbif/dataset_type.xml</keywordThesaurus>
        </keywordSet>
        <keywordSet>
              <keyword>Specimen</keyword>
              <keywordThesaurus>GBIF Dataset Subtype Vocabulary: http://rs.gbif.org/vocabulary/gbif/dataset_subtype.xml</keywordThesaurus>
        </keywordSet>
        <keywordSet>
              <keyword>Vertebrates</keyword>
              <keyword>Types</keyword>
              <keyword>Mammalia</keyword>
              <keyword>Taxonomy</keyword>
              <keyword>Zoology</keyword>
              <keyword>Specimens</keyword>
              <keyword>Mammals</keyword>
              <keyword>Collections</keyword>
              <keywordThesaurus>No keyword thesaurus designated</keywordThesaurus>
        </keywordSet>
      <intellectualRights>
        <para>This work is licensed under a <ulink url="http://creativecommons.org/licenses/by/4.0/legalcode"><citetitle>Creative Commons Attribution (CC-BY) 4.0 License</citetitle></ulink>.</para>
      </intellectualRights>
      <maintenance>
          <description>
              <para></para>
          </description>
          <maintenanceUpdateFrequency>unkown</maintenanceUpdateFrequency>
      </maintenance>
      <contact>
    <individualName>
<givenName>Cécile</givenName>        <surName>Callou</surName>
    </individualName>
<organizationName>MNHN</organizationName><positionName>Correspondant</positionName>      </contact>

</dataset>

<additionalMetadata>
    <metadata>
      <gbif>
        <dateStamp>2017-07-18T20:43:59Z</dateStamp>
      <citation>Chagnoux S (2017). The mammals collection (ZM) of the Muséum national d&apos;Histoire naturelle (MNHN - Paris). Version 43.18. MNHN - Museum national d&apos;Histoire naturelle. Occurrence Dataset https://doi.org/10.15468/j0xw9i accessed via GBIF.org on 2017-07-18.</citation>
        </gbif>
    </metadata>
</additionalMetadata>

</eml:eml>
