<?xml version="1.0" encoding="utf-8"?>
<eml:eml xmlns:eml="eml://ecoinformatics.org/eml-2.1.1" xmlns:xsi="http://www.w3.org/2001/XMLSchema-instance"
         xsi:schemaLocation="eml://ecoinformatics.org/eml-2.1.1 http://rs.gbif.org/schema/eml-gbif-profile/1.1/eml.xsd"
        packageId="4837d6b0-19fe-4fe4-9ddf-b62dd17a060e"  system="http://gbif.org" scope="system"
  xml:lang="en">

<dataset>
      <alternateIdentifier>doi:10.15468/ebxyjx</alternateIdentifier>
        <alternateIdentifier>http://ipt.vertnet.org:8080/ipt/resource?r=chas_mammals</alternateIdentifier>
        <alternateIdentifier>http://ipt.vertnet.org:8080/ipt/resource.do?r=chas_mammals</alternateIdentifier>
        <alternateIdentifier>4837d6b0-19fe-4fe4-9ddf-b62dd17a060e</alternateIdentifier>
    <title>CHAS Mammalogy Collection (Arctos)</title>
    <creator>
    <individualName>
<givenName>Dawn</givenName>        <surName>Roberts</surName>
    </individualName>
<organizationName>The Chicago Academy of Sciences</organizationName><positionName>Director of Collections</positionName>    <address>
<deliveryPoint>2430 North Cannon Drive</deliveryPoint><city>Chicago</city><administrativeArea>IL</administrativeArea><postalCode>60614</postalCode><country>UNITED_STATES</country>    </address>
<phone>+01 773-755-5125</phone><electronicMailAddress>droberts@naturemuseum.org</electronicMailAddress><onlineUrl>http://www.naturemuseum.org</onlineUrl>    </creator>
    <metadataProvider>
    <individualName>
<givenName>Dawn</givenName>        <surName>Roberts</surName>
    </individualName>
<organizationName>The Chicago Academy of Sciences</organizationName><positionName>Director of Collections</positionName>    <address>
<deliveryPoint>2430 North Cannon Drive</deliveryPoint><city>Chicago</city><administrativeArea>IL</administrativeArea><postalCode>60614</postalCode><country>UNITED_STATES</country>    </address>
<phone>+01 773-755-5125</phone><electronicMailAddress>droberts@naturemuseum.org</electronicMailAddress><onlineUrl>http://www.naturemuseum.org</onlineUrl>    </metadataProvider>
    <associatedParty>
    <individualName>
<givenName>Erica</givenName>        <surName>Krimmel</surName>
    </individualName>
<organizationName>The Chicago Academy of Sciences</organizationName><positionName>Assistant Collections Manager</positionName>    <address>
<deliveryPoint>2430 North Cannon Drive</deliveryPoint><city>Chicago</city><administrativeArea>IL</administrativeArea><postalCode>60614</postalCode><country>UNITED_STATES</country>    </address>
<phone>+01 773-755-5118</phone><electronicMailAddress>ekrimmel@naturemuseum.org</electronicMailAddress><onlineUrl>http://www.naturemuseum.org</onlineUrl>    <role>POINT_OF_CONTACT</role>
    </associatedParty>
    <associatedParty>
    <individualName>
<givenName>Laura</givenName>        <surName>Russell</surName>
    </individualName>
<organizationName>VertNet</organizationName><positionName>Programmer</positionName><electronicMailAddress>larussell@vertnet.org</electronicMailAddress><onlineUrl>http://www.vertnet.org</onlineUrl>    <role>PROGRAMMER</role>
    </associatedParty>
    <associatedParty>
    <individualName>
<givenName>David</givenName>        <surName>Bloom</surName>
    </individualName>
<organizationName>VertNet</organizationName><positionName>Coordinator</positionName><electronicMailAddress>dbloom@vertnet.org</electronicMailAddress><onlineUrl>http://www.vertnet.org</onlineUrl>    <role>PROGRAMMER</role>
    </associatedParty>
    <associatedParty>
    <individualName>
<givenName>John</givenName>        <surName>Wieczorek</surName>
    </individualName>
<organizationName>Museum of Vertebrate Zoology at UC Berkeley</organizationName><positionName>Information Architect</positionName><electronicMailAddress>tuco@berkeley.edu</electronicMailAddress>    <role>PROGRAMMER</role>
    </associatedParty>
      <pubDate>
      2017-06-02
      </pubDate>
    <language>ENGLISH</language>
    <abstract>
        <para>The Chicago Academy of Sciences’ mammalogy collection contains mostly small mammals native to the Midwest, as well as some Appalachian species. Specimens are primarily prepared as skins, with some additional osteological and display mount items. Many specimens are associated with collectors or Academy expeditions that have manuscript and /or audio-visual archival material, which can be provided to researchers upon request. Notable collectors include Robert Kennicott, Roy and Edwin Komarek, Alfred M. Bailey, Charles D. Brower, Stephen S. Gregory.</para>
    </abstract>
        <keywordSet>
              <keyword>Occurrence</keyword>
              <keywordThesaurus>GBIF Dataset Type Vocabulary: http://rs.gbif.org/vocabulary/gbif/dataset_type.xml</keywordThesaurus>
        </keywordSet>
        <keywordSet>
              <keyword>Specimen</keyword>
              <keywordThesaurus>GBIF Dataset Subtype Vocabulary: http://rs.gbif.org/vocabulary/gbif/dataset_subtype.xml</keywordThesaurus>
        </keywordSet>
      <additionalInfo>
          <para>http://vertnet.org/resources/norms.html

Rooted in Chicago, Illinois, the Chicago Academy of Sciences was founded in 1857 and was the first science museum in Chicago.  Through its Peggy Notebaert Nature Museum, the Academy connects its community to local environments and inspires life-long relationships with urban nature. The museum collections and archives contain natural history collections in the disciplines of botany, entomology, geology, herpetology, malacology, mammalogy, oology, ornithology, and paleontology, as well as cultural collections, audio visual collections, and archives.  These materials range from the 1830s to the present and are predominantly from North America with a focus in the Midwest/Western Great Lakes region.</para>
      </additionalInfo>
      <intellectualRights>
        <para>To the extent possible under law, the publisher has waived all rights to these data and has dedicated them to the <ulink url="http://creativecommons.org/publicdomain/zero/1.0/legalcode"><citetitle>Public Domain (CC0 1.0)</citetitle></ulink>. Users may copy, modify, distribute and use the work, including for commercial purposes, without restriction.</para>
      </intellectualRights>
      <distribution scope="document">
          <online>
              <url function="information">http://www.naturemuseum.org/the-museum/collections/vertebrates</url>
          </online>
      </distribution>
      <coverage>
            <geographicCoverage>
                  <geographicDescription>Primarily United States: Midwest, Southwest, Appalachia. Some specimens from Canada and South America.</geographicDescription>
                  <boundingCoordinates>
                      <westBoundingCoordinate>-180</westBoundingCoordinate>
                      <eastBoundingCoordinate>180</eastBoundingCoordinate>
                      <northBoundingCoordinate>90</northBoundingCoordinate>
                      <southBoundingCoordinate>-90</southBoundingCoordinate>
                  </boundingCoordinates>
            </geographicCoverage>
          <temporalCoverage>
            <rangeOfDates>
              <beginDate>
                <calendarDate>      1853-01-01
</calendarDate>
              </beginDate>
              <endDate>
                <calendarDate>      2015-01-01
</calendarDate>
              </endDate>
            </rangeOfDates>
          </temporalCoverage>
              <taxonomicCoverage>
                    <generalTaxonomicCoverage>Type specimens: Geomys bursarius illinoensis, Microtus chrotorrhinus, Thomomys bottae; Paratype specimens: Thomomys bottae operosus; Topotype specimens: Canis rufus, Geomys attwateri, Microtus californicus, Myotis sodalis, Neotoma mexicana, Perognathus longimembris, Reithrodontomys megalotis, Tamias speciosus</generalTaxonomicCoverage>
                    <taxonomicClassification>
                          <taxonRankName>Class</taxonRankName>
                        <taxonRankValue>Mammalia</taxonRankValue>
                    </taxonomicClassification>
              </taxonomicCoverage>
      </coverage>
      <maintenance>
          <description>
              <para></para>
          </description>
          <maintenanceUpdateFrequency>unkown</maintenanceUpdateFrequency>
      </maintenance>
      <contact>
    <individualName>
<givenName>Dawn</givenName>        <surName>Roberts</surName>
    </individualName>
<organizationName>The Chicago Academy of Sciences</organizationName><positionName>Director of Collections</positionName>    <address>
<deliveryPoint>2430 North Cannon Drive</deliveryPoint><city>Chicago</city><administrativeArea>IL</administrativeArea><postalCode>60614</postalCode><country>UNITED_STATES</country>    </address>
<phone>+01 773-755-5125</phone><electronicMailAddress>droberts@naturemuseum.org</electronicMailAddress><onlineUrl>http://www.naturemuseum.org</onlineUrl>      </contact>

</dataset>

<additionalMetadata>
    <metadata>
      <gbif>
        <dateStamp>2017-07-18T20:43:54Z</dateStamp>
      <citation>Roberts D (2017). CHAS Mammalogy Collection (Arctos). Version 13.3. Chicago Academy of Sciences. Occurrence Dataset https://doi.org/10.15468/ebxyjx accessed via GBIF.org on 2017-07-18.</citation>
              <resourceLogoUrl>http://ipt.vertnet.org:8080/ipt/logo.do?r=chas_verts</resourceLogoUrl>
        </gbif>
    </metadata>
</additionalMetadata>

</eml:eml>
