<?xml version="1.0" encoding="utf-8"?>
<eml:eml xmlns:eml="eml://ecoinformatics.org/eml-2.1.1" xmlns:xsi="http://www.w3.org/2001/XMLSchema-instance"
         xsi:schemaLocation="eml://ecoinformatics.org/eml-2.1.1 http://rs.gbif.org/schema/eml-gbif-profile/1.1/eml.xsd"
        packageId="72453ca0-328a-11df-855a-b8a03c50a862"  system="http://gbif.org" scope="system"
  xml:lang="en">

<dataset>
      <alternateIdentifier>doi:10.15468/vbfpcd</alternateIdentifier>
        <alternateIdentifier>10971</alternateIdentifier>
    <title>Mammal Collection</title>
    <language>en</language>
    <abstract>
        <para>The Mammal Collection was established above 50 years ago. At the moment the collection has about 190 000 of mammal specimens. Specimens in our collection are kept as dry or wet material (kept in alcohol). Dry material includes skulls, skeletons, skins, stuffed mammals and some others materials. In our collection we have mainly mammals from Poland, especially Białowieża Forest, and Biebrza valley, but also many specimens from world fauna.</para>
    </abstract>
      <intellectualRights>
        <para>This work is licensed under a <ulink url="http://creativecommons.org/licenses/by-nc/4.0/legalcode"><citetitle>Creative Commons Attribution Non Commercial (CC-BY-NC) 4.0 License</citetitle></ulink>.</para>
      </intellectualRights>
      <distribution scope="document">
          <online>
              <url function="information">http://tapir.gbif.pl/tapir/tapir.php/pan-zbs-mammals</url>
          </online>
      </distribution>

</dataset>

<additionalMetadata>
    <metadata>
      <gbif>
        <dateStamp>2017-07-18T20:44:00Z</dateStamp>
      <citation>Mammal Collection. Mammal Research Institute, Polish Academy of Sciences. Occurrence Dataset https://doi.org/10.15468/vbfpcd accessed via GBIF.org on 2017-07-18.</citation>
        </gbif>
    </metadata>
</additionalMetadata>

</eml:eml>
