<?xml version="1.0" encoding="utf-8"?>
<eml:eml xmlns:eml="eml://ecoinformatics.org/eml-2.1.1" xmlns:xsi="http://www.w3.org/2001/XMLSchema-instance"
         xsi:schemaLocation="eml://ecoinformatics.org/eml-2.1.1 http://rs.gbif.org/schema/eml-gbif-profile/1.1/eml.xsd"
        packageId="ad43e954-dd79-4986-ae34-9ccdbd8bf568"  system="http://gbif.org" scope="system"
  xml:lang="en">

<dataset>
      <alternateIdentifier>doi:10.15468/cndomv</alternateIdentifier>
    <title>Geographically tagged INSDC sequences</title>
    <creator>
<organizationName>European Bioinformatics Institute (EMBL-EBI)</organizationName><electronicMailAddress>datasubs@ebi.ac.uk</electronicMailAddress><onlineUrl>http://www.ebi.ac.uk</onlineUrl>    </creator>
    <metadataProvider>
<organizationName>European Bioinformatics Institute (EMBL-EBI)</organizationName><electronicMailAddress>datasubs@ebi.ac.uk</electronicMailAddress><onlineUrl>http://www.ebi.ac.uk</onlineUrl>    </metadataProvider>
      <pubDate>
      2014-08-27
      </pubDate>
    <language>ENGLISH</language>
    <abstract>
        <para>Metadata for INSDC sequences that have been geographically tagged.</para>
    </abstract>
      <intellectualRights>
        <para>This work is licensed under a <ulink url="http://creativecommons.org/licenses/by/4.0/legalcode"><citetitle>Creative Commons Attribution (CC-BY) 4.0 License</citetitle></ulink>.</para>
      </intellectualRights>
      <contact>
<organizationName>National Center for Biotechnology Information (NCBI)</organizationName><onlineUrl>http://http://www.ncbi.nlm.nih.gov</onlineUrl>      </contact>
      <contact>
<organizationName>DNA Data Bank of Japan (DDBJ)</organizationName><onlineUrl>http://www.ddbj.nig.ac.jp</onlineUrl>      </contact>
      <contact>
<organizationName>European Bioinformatics Institute (EMBL-EBI)</organizationName><electronicMailAddress>datasubs@ebi.ac.uk</electronicMailAddress><onlineUrl>http://www.ebi.ac.uk</onlineUrl>      </contact>

</dataset>

<additionalMetadata>
    <metadata>
      <gbif>
        <dateStamp>2017-07-18T20:44:00Z</dateStamp>
      <citation>(2014). Geographically tagged INSDC sequences. European Molecular Biology Laboratory (EMBL). Occurrence Dataset https://doi.org/10.15468/cndomv accessed via GBIF.org on 2017-07-18.</citation>
        </gbif>
    </metadata>
</additionalMetadata>

</eml:eml>
